ВЫДАТЬ;САНКЦИЯ;АРЕСТ;166479.11929713434
СУД;ВЫДАТЬ;САНКЦИЯ;11757.687993877045
СУД;НАЛОЖИТЬ;АРЕСТ;4717.342467396869
СУД;УДОВЛЕТВОРИТЬ;ХОДАТАЙСТВО;4277.546771341171
СУД;ОТКАЗАТЬ;УДОВЛЕТВОРЕНИЕ;3698.979603294771
СУД;ПРИНЯТЬ;РЕШЕНИЕ;3512.176202244336
СУД;УДОВЛЕТВОРИТЬ;ИСК;3489.011539214326
СУД;САНКЦИОНИРОВАТЬ;АРЕСТ;3443.7495099593434
СУД;ПРИЗНАТЬ;ВИНОВНАЯ;2535.213095031534
СУД;ВЫНЕСТИ;РЕШЕНИЕ;1295.8887020141349
