СУД;УДОВЛЕТВОРИТЬ;ИСК;0.004313725490196078
СУД;УДОВЛЕТВОРИТЬ;ХОДАТАЙСТВО;0.0037254901960784314
СУД;ВЫДАТЬ;САНКЦИЯ;0.0025490196078431374
СУД;ВЫНЕСТИ;РЕШЕНИЕ;0.0025490196078431374
СУД;ПРИЗНАТЬ;ВИНОВНАЯ;0.0025490196078431374
СУД;НАЛОЖИТЬ;АРЕСТ;0.002156862745098039
СУД;САНКЦИОНИРОВАТЬ;АРЕСТ;0.0017647058823529412
СУД;ПРИЗНАТЬ;ПРАВОТА;0.001568627450980392
СУД;ОТКЛОНИТЬ;ИСК;0.0013725490196078432
СУД;ПРИЗНАТЬ;РЕШЕНИЕ;0.0013725490196078432
