СУД;УДОВЛЕТВОРИТЬ;ИСК;487.389046845806
СУД;ПРИЗНАТЬ;ВИНОВНАЯ;455.9791549034028
СУД;УДОВЛЕТВОРИТЬ;ХОДАТАЙСТВО;432.8391655040509
СУД;ПРИНЯТЬ;РЕШЕНИЕ;430.72110486979886
ВЫДАТЬ;САНКЦИЯ;АРЕСТ;405.03524678353824
СУД;ВЫНЕСТИ;РЕШЕНИЕ;381.1727253773208
СУД;ВЫДАТЬ;САНКЦИЯ;288.5167110952916
СУД;ОТКАЗАТЬ;УДОВЛЕТВОРЕНИЕ;223.9415167291632
СУД;НАЛОЖИТЬ;АРЕСТ;201.6711628805174
СУД;САНКЦИОНИРОВАТЬ;АРЕСТ;156.06916470351882
