СУД;ПРИЗНАТЬ;РЕШЕНИЕ;511.08269499221876
СУД;УДОВЛЕТВОРИТЬ;ИСК;487.389046845806
СУД;ПРИЗНАТЬ;ВИНОВНАЯ;455.9791549034028
СУД;УДОВЛЕТВОРИТЬ;ХОДАТАЙСТВО;432.8391655040509
СУД;ПРИЗНАТЬ;ПРАВОТА;429.3923142171233
СУД;ВЫНЕСТИ;РЕШЕНИЕ;381.1727253773208
СУД;ОТКЛОНИТЬ;ИСК;293.48176725005357
СУД;ВЫДАТЬ;САНКЦИЯ;288.5167110952916
СУД;НАЛОЖИТЬ;АРЕСТ;201.6711628805174
СУД;САНКЦИОНИРОВАТЬ;АРЕСТ;156.06916470351882
