prevword,nextword,prevtag,nexttag,class,animals,comet,column,vehicle,study,dust,hair,rod,clothes
где,ADVB,самолёт,NOUN,4,0,0,0,1,0,0,0,0,0
за,PREP,как,CONJ,1,1,0,0,0,0,0,0,0,0
себя,NPRO,и,CONJ,1,1,0,0,0,0,0,0,0,0
котов,NOUN,а,CONJ,1,0,0,0,0,0,0,0,0,0
за,PREP,не,PRCL,1,1,0,0,0,0,0,0,0,0
нередко,ADVB,копчёный,ADJF,1,1,0,0,0,0,0,0,0,0
бухнуть,VERB,.,.,1,0,0,0,0,0,0,0,0,0
пыльный,ADJF,мешок,NOUN,7,0,0,0,0,0,0,0,0,0
краешек,NOUN,.,.,1,0,0,0,0,0,0,0,0,0
постукивать,GRND,каждый,ADJF,1,0,0,0,0,0,0,0,0,0
брюхо,NOUN,закрутить,VERB,1,0,0,0,0,0,0,0,0,0
и,CONJ,.,.,1,1,0,0,0,0,0,0,0,0
наконец,ADVB,пожалуй,PRCL,1,1,0,0,0,0,0,0,0,0
с,PREP,а,CONJ,1,1,0,0,0,0,0,0,0,0
собака,NOUN,крутить,VERB,1,1,0,0,0,0,0,0,0,0
и,CONJ,общий,ADJF,1,1,0,0,0,0,0,0,0,0
_,_,лошадь,NOUN,1,1,0,0,0,0,0,0,0,0
в,PREP,но,CONJ,8,0,0,0,0,0,0,1,0,0
себя,NPRO,.,.,8,0,0,0,0,0,0,0,0,0
верёвочный,ADJF,резать,INFN,9,0,0,0,0,0,0,0,0,0
пересдать,INFN,несданный,ADJF,6,0,0,0,1,1,0,0,0,0
на,PREP,у,PREP,1,1,0,0,0,0,0,0,0,0
ласточкин,ADJF,рис,NOUN,1,0,0,0,0,0,0,0,0,0
усик,NOUN,чёрный,NOUN,1,0,0,0,0,0,0,1,0,0
живот,NOUN,закрутить,PRTS,1,0,0,0,0,0,0,0,0,0
поднять,GRND,трубочка,NOUN,1,0,0,0,0,0,0,0,0,0
заниматься,VERB,а,CONJ,4,0,0,0,1,0,0,0,0,0
обварить,VERB,обезьяна,NOUN,1,1,0,0,0,0,0,0,0,0
на,PREP,да,PRCL,5,0,0,0,0,0,0,0,0,0
почувствовать,VERB,.,.,5,0,0,0,0,0,0,0,0,0
кобыла,NOUN,.,.,1,1,0,0,0,0,0,0,0,0
раздвоить,PRTF,.,.,1,1,0,0,0,0,0,0,0,0
целый,ADJF,где,ADVB,5,0,0,0,0,0,0,0,0,0
собака,NOUN,по,PREP,1,1,0,0,0,0,0,0,0,0
как,CONJ,вертеть,VERB,1,1,0,0,0,0,0,0,0,0
бить,VERB,а,CONJ,1,0,0,0,0,0,0,0,0,0
поджать,PRTF,.,.,1,1,0,0,0,0,0,0,0,0
павлин,NOUN,село,NOUN,1,1,0,0,0,0,0,0,0,0
шокинг,NOUN,селёдка,NOUN,1,0,0,0,0,0,0,0,0,0
на,PREP,нечаянно,ADVB,1,0,0,0,0,0,0,0,0,0
только,PRCL,повилять,INFN,1,0,0,0,0,0,0,0,0,0
к,PREP,привязывать,VERB,1,0,0,0,0,0,0,0,0,0
рубить,INFN,в,PREP,1,1,0,0,0,0,0,0,0,0
загнутый,ADJF,преданность,NOUN,1,0,0,0,0,0,0,0,0,0
толстой,NOUN,.,.,1,0,0,0,0,0,0,0,0,0
в,PREP,другой,ADJF,3,0,0,0,0,0,0,0,0,0
на,PREP,держаться,VERB,1,0,0,0,0,0,0,0,0,0
свой,ADJF,.,.,1,0,0,0,0,0,0,0,0,0
тёмный,ADJF,на,PREP,8,0,0,0,0,0,0,0,0,0
крутило,NOUN,из,PREP,1,0,0,0,0,0,0,0,0,0
рог,NOUN,рыло,NOUN,1,0,0,0,0,0,0,0,0,0
коровий,ADJF,узнавать,VERB,1,0,0,0,0,0,0,0,0,0
поджать,PRTF,возвращаться,VERB,1,0,0,0,0,0,0,0,0,0
в,PREP,с,PREP,3,0,0,1,0,0,0,0,0,0
вилять,VERB,кусок,NOUN,1,0,0,0,0,0,0,0,0,0
веять,PRTF,втягиваться,VERB,7,0,0,0,0,0,0,0,0,0
до,PREP,покрыть,PRTF,1,0,0,0,0,0,0,0,0,0
помахивать,GRND,она,NPRO,1,1,0,0,0,0,0,0,0,0
грязный,ADJF,.,.,1,0,0,0,0,0,0,0,0,0
бья,,взбрызгивать,GRND,1,0,0,0,0,0,0,0,0,0
под,PREP,мама,NOUN,1,0,0,0,0,0,0,0,0,0
под,PREP,плюс,CONJ,1,1,0,0,0,0,0,0,0,0
за,PREP,потянуть,VERB,1,1,0,0,0,0,0,0,0,0
серый,ADJF,облизать,VERB,1,1,0,0,0,0,0,0,0,0
взмахнуть,INFN,.,.,1,0,0,0,0,0,0,0,0,0
и,CONJ,торчать,VERB,1,0,0,0,0,0,0,0,0,0
и,CONJ,воблин,NOUN,1,0,0,0,0,0,0,0,0,0
держать,VERB,пистолет,NOUN,1,0,0,0,0,0,0,0,0,0
под,PREP,.,.,1,1,0,0,0,0,0,0,0,0
два,NUMR,.,.,1,1,0,0,0,0,0,0,0,0
в,PREP,сидеть,VERB,3,0,0,0,0,0,0,0,0,0
глаз,NOUN,ухо,NOUN,1,1,0,0,0,0,0,0,0,0
волос,NOUN,побежалый,ADJS,1,1,0,0,0,0,0,1,0,0
вилять,GRND,к,PREP,1,1,0,0,0,0,0,0,0,0
ходить,VERB,как,CONJ,1,1,0,0,0,0,0,0,0,0
а,CONJ,собачий,ADJF,1,1,0,0,0,0,0,0,0,0
на,PREP,огромный,ADJF,1,1,0,0,0,0,0,0,0,0
длинный,ADJF,сидеть,VERB,1,0,0,0,0,0,0,0,0,0
она,NPRO,поджать,VERB,1,0,0,0,0,0,0,0,0,0
за,PREP,свой,ADJF,1,0,0,0,0,0,0,0,0,0
за,PREP,из,PREP,1,1,0,0,0,0,0,0,0,0
увидеть,GRND,возле,ADVB,5,0,0,0,0,0,0,0,0,0
длинный,ADJF,.,.,1,1,0,0,0,0,0,0,0,0
за,PREP,и,CONJ,1,0,0,0,0,0,0,0,0,0
зелёный,ADJF,готовый,ADJS,9,0,0,0,0,0,0,0,1,0
себя,NPRO,.,.,6,0,0,0,0,0,0,0,0,0
за,PREP,у,PREP,3,0,0,0,0,0,0,0,0,0
в,PREP,у,PREP,3,0,0,1,0,0,0,0,0,0
они,NPRO,и,CONJ,1,1,0,0,0,0,0,0,0,0
под,PREP,.,.,1,1,0,0,0,0,0,0,0,0
за,PREP,конь,NOUN,1,0,0,0,0,0,0,0,0,0
с,PREP,гремучий,ADJF,1,0,0,0,0,0,0,0,0,0
львиный,ADJF,и,CONJ,1,0,0,0,0,0,0,0,0,0
что,CONJ,её,ADJF,9,0,0,0,0,0,0,0,1,0
собака,NOUN,между,PREP,1,1,0,0,0,0,0,0,0,0
собачий,ADJF,.,.,1,0,0,0,0,0,0,0,0,0
заячий,ADJF,трястись,VERB,1,0,0,0,0,0,0,0,0,0
длинный,ADJF,бурый,ADJF,7,0,0,0,0,0,1,0,0,0
с,PREP,муха,NOUN,1,0,0,0,0,0,0,0,0,0
лира,NOUN,.,.,1,0,0,0,0,0,0,0,0,0
помахивать,GRND,.,.,1,0,0,0,0,0,0,0,0,0
вилять,VERB,но,CONJ,1,0,0,0,0,0,0,0,0,0
до,PREP,рыба,NOUN,1,0,0,0,0,0,0,0,0,0
автомашина,NOUN,достигать,GRND,3,0,0,1,0,0,0,0,0,0
завернуть,GRND,.,.,1,0,0,0,0,0,0,0,0,0
в,PREP,товарный,ADJF,4,0,0,0,1,0,0,0,0,0
за,PREP,и,CONJ,1,0,0,0,0,0,0,0,0,0
по,PREP,.,.,1,0,0,0,0,0,0,0,0,0
красный,ADJF,.,.,1,0,0,0,0,0,0,0,0,0
поджать,GRND,и,CONJ,1,1,0,0,0,0,0,0,0,0
завилять,VERB,.,.,1,0,0,0,0,0,0,0,0,0
и,CONJ,.,.,1,1,0,0,0,0,0,0,0,0
рыбий,ADJF,за,PREP,1,0,0,0,0,0,0,0,0,0
на,PREP,наступить,VERB,5,0,0,0,0,0,0,0,0,0
бублик,NOUN,.,.,1,0,0,0,0,0,0,0,0,0
высматривание,NOUN,и,CONJ,5,0,0,0,0,0,0,0,0,0
вилять,GRND,они,NPRO,1,1,0,0,0,0,0,0,0,0
рыжеватый,ADJF,маленький,ADJF,8,0,0,0,0,0,0,1,0,0
ответ,NOUN,закивать,VERB,1,0,0,0,0,0,0,0,0,0
длина,NOUN,комета,NOUN,2,0,1,0,0,0,0,0,0,0
за,PREP,.,.,1,1,0,0,0,0,0,0,0,0
щучий,ADJF,шевелиться,VERB,1,0,0,0,0,0,0,0,0,0
даже,PRCL,от,PREP,1,1,0,0,0,0,0,0,0,0
помахивать,GRND,присоединяться,VERB,1,0,0,0,0,0,0,0,0,0
в,PREP,самолёт,NOUN,4,0,0,0,1,0,0,0,0,0
в,PREP,очередь,NOUN,3,0,0,1,0,0,0,0,0,0
в,PREP,самолёт,NOUN,4,0,0,0,1,0,0,0,0,0
в,PREP,за,PREP,3,0,0,0,0,0,0,0,0,0
на,PREP,автомобиль,NOUN,5,0,0,0,0,0,0,0,0,0
дельфин,NOUN,оглушать,VERB,1,0,0,0,0,0,0,0,0,0
иметь,PRTF,или,CONJ,6,0,0,0,0,0,0,0,0,0
в,PREP,таблица,NOUN,3,0,0,0,0,0,0,0,0,0
в,PREP,с,PREP,3,0,0,0,0,0,0,0,0,0
в,PREP,лидерский,ADJF,3,0,0,0,0,0,0,0,0,0
и,CONJ,очередь,NOUN,3,0,0,1,0,0,0,0,0,0
некоторый,ADJF,остаться,VERB,6,0,0,0,0,0,0,0,0,0
человек,NOUN,.,.,3,0,0,0,0,0,0,0,0,0
в,PREP,очередь,NOUN,3,0,0,1,0,0,0,0,0,0
в,PREP,задача,NOUN,3,0,0,0,0,0,0,0,0,0
в,PREP,субмарина,NOUN,4,0,0,0,1,0,0,0,0,0
очередь,NOUN,который,ADJF,3,0,0,1,0,0,0,0,0,0
латексный,ADJF,биться,VERB,8,0,0,0,0,0,0,0,0,0
беличий,ADJF,класть,VERB,1,0,0,0,0,0,0,0,0,0
на,PREP,насыпать,INFN,1,1,0,0,0,0,0,0,0,0
я,NPRO,войти,VERB,5,0,0,0,0,0,0,0,0,0
сдать,INFN,и,CONJ,6,0,0,0,0,1,0,0,0,0
ходить,VERB,неотрывно,ADVB,5,0,0,0,0,0,0,0,0,0
буквально,ADVB,ходить,VERB,5,0,0,0,0,0,0,0,0,0
пристроиться,VERB,из,PREP,3,0,0,1,0,0,0,0,0,0
за,PREP,до,PREP,1,1,0,0,0,0,0,0,0,0
на,PREP,вести,INFN,1,0,0,0,0,0,0,0,0,0
он,NPRO,учуять,VERB,5,0,0,0,0,0,0,0,0,0
в,PREP,состав,NOUN,4,0,0,0,0,0,0,0,0,0
рыбий,ADJF,это,PRCL,1,0,0,0,0,0,0,0,0,0
уже,ADVB,тянуться,VERB,5,0,0,0,0,0,0,0,0,0
видный,ADJS,идти,PRTF,3,0,0,1,0,0,0,0,0,0
в,PREP,поезд,NOUN,4,0,0,0,1,0,0,0,0,0
она,NPRO,и,CONJ,3,0,0,0,0,0,0,0,0,0
подчищать,VERB,остаться,PRTF,6,0,0,0,0,0,0,0,0,0
в,PREP,и,CONJ,4,0,0,0,0,0,0,0,0,0
в,PREP,.,.,3,0,0,0,0,0,0,0,0,0
есть,INTJ,.,.,5,0,0,0,0,0,0,0,0,0
на,PREP,то,CONJ,5,0,0,0,1,0,0,0,0,0
сторона,NOUN,поезд,NOUN,4,0,0,0,1,0,0,0,0,0
в,PREP,пристроиться,VERB,3,0,0,0,0,0,0,0,0,0
столько,ADVB,что,CONJ,6,0,0,0,0,1,0,0,0,0
в,PREP,поезд,NOUN,4,0,0,0,1,0,0,0,0,0
в,PREP,не,PRCL,6,0,0,0,0,1,0,0,0,0
кометный,ADJF,и,CONJ,2,0,1,0,0,0,0,0,0,0
глупый,ADJF,и,CONJ,8,0,0,0,0,0,0,0,0,0
затылок,NOUN,не,PRCL,8,0,0,0,0,0,0,1,0,0
торчать,VERB,ночной,ADJF,10,0,0,0,0,0,0,0,0,1
в,PREP,бомбардировщик,NOUN,3,0,0,1,0,0,0,0,0,0
другой,ADJF,селёдка,NOUN,1,0,0,0,0,0,0,0,0,0
в,PREP,колонна,NOUN,3,0,0,1,0,0,0,0,0,0
она,NPRO,или,CONJ,5,0,0,0,0,0,0,0,0,0
на,PREP,угнать,PRTF,5,0,0,0,0,0,0,0,0,0
в,PREP,кортеж,NOUN,3,0,0,0,0,0,0,0,0,0
в,PREP,шахта,NOUN,3,0,1,0,0,0,0,0,0,0
больно,ADVB,вилять,VERB,1,1,0,0,0,0,0,0,0,0
в,PREP,комета,NOUN,2,0,1,0,0,0,0,0,0,0
вилять,VERB,направо,ADVB,1,1,0,0,0,0,0,0,0,0
распускать,VERB,комета,NOUN,2,0,1,0,0,0,0,0,0,0
за,PREP,большой,ADJF,1,0,0,0,0,0,0,0,0,0
длинный,ADJF,оперение,NOUN,1,0,0,0,0,0,0,0,0,0
и,CONJ,не,PRCL,1,1,0,0,0,0,0,0,0,0
в,PREP,дирижабль,NOUN,4,0,0,0,1,0,0,0,0,0
в,PREP,это,NPRO,3,0,0,0,0,0,0,0,0,0
вилять,VERB,при,PREP,1,0,0,0,0,0,0,0,0,0
в,PREP,таблица,NOUN,3,0,0,0,0,0,0,0,0,0
она,NPRO,.,.,2,0,1,0,0,0,0,0,0,0
опалить,VERB,лошадь,NOUN,1,1,0,0,0,0,0,0,0,0
лошадиный,ADJF,там,ADVB,1,0,0,0,0,0,0,0,0,0
как,CONJ,вымокнуть,PRTF,1,0,0,0,0,0,0,0,0,0
четвероногий,ADJF,змея,NOUN,1,1,0,0,0,0,0,0,0,0
свой,ADJF,за,PREP,1,0,0,0,0,0,0,0,0,0
количество,NOUN,разный,ADJF,6,0,0,0,0,0,0,0,0,0
вода,NOUN,и,CONJ,1,1,0,0,0,0,0,0,0,0
плетевидный,ADJF,скат,NOUN,1,0,0,0,0,0,0,0,0,0
ныряльщик,NOUN,на,PREP,1,1,0,0,0,0,0,0,0,0
