prevword,nextword,prevtag,nexttag,class
где,ADVB,самолёт,NOUN,4
за,PREP,как,CONJ,1
себя,NPRO,и,CONJ,1
котов,NOUN,а,CONJ,1
за,PREP,не,PRCL,1
нередко,ADVB,копчёный,ADJF,1
бухнуть,VERB,.,.,1
пыльный,ADJF,мешок,NOUN,7
краешек,NOUN,.,.,1
постукивать,GRND,каждый,ADJF,1
брюхо,NOUN,закрутить,VERB,1
и,CONJ,.,.,1
наконец,ADVB,пожалуй,PRCL,1
с,PREP,а,CONJ,1
собака,NOUN,крутить,VERB,1
и,CONJ,общий,ADJF,1
_,_,лошадь,NOUN,1
в,PREP,но,CONJ,8
себя,NPRO,.,.,8
верёвочный,ADJF,резать,INFN,9
пересдать,INFN,несданный,ADJF,6
на,PREP,у,PREP,1
ласточкин,ADJF,рис,NOUN,1
усик,NOUN,чёрный,NOUN,1
живот,NOUN,закрутить,PRTS,1
поднять,GRND,трубочка,NOUN,1
заниматься,VERB,а,CONJ,4
обварить,VERB,обезьяна,NOUN,1
на,PREP,да,PRCL,5
почувствовать,VERB,.,.,5
кобыла,NOUN,.,.,1
раздвоить,PRTF,.,.,1
целый,ADJF,где,ADVB,5
собака,NOUN,по,PREP,1
как,CONJ,вертеть,VERB,1
бить,VERB,а,CONJ,1
поджать,PRTF,.,.,1
павлин,NOUN,село,NOUN,1
шокинг,NOUN,селёдка,NOUN,1
на,PREP,нечаянно,ADVB,1
только,PRCL,повилять,INFN,1
к,PREP,привязывать,VERB,1
рубить,INFN,в,PREP,1
загнутый,ADJF,преданность,NOUN,1
толстой,NOUN,.,.,1
в,PREP,другой,ADJF,3
на,PREP,держаться,VERB,1
свой,ADJF,.,.,1
тёмный,ADJF,на,PREP,8
крутило,NOUN,из,PREP,1
рог,NOUN,рыло,NOUN,1
коровий,ADJF,узнавать,VERB,1
поджать,PRTF,возвращаться,VERB,1
в,PREP,с,PREP,3
вилять,VERB,кусок,NOUN,1
веять,PRTF,втягиваться,VERB,7
до,PREP,покрыть,PRTF,1
помахивать,GRND,она,NPRO,1
грязный,ADJF,.,.,1
бья,,взбрызгивать,GRND,1
под,PREP,мама,NOUN,1
под,PREP,плюс,CONJ,1
за,PREP,потянуть,VERB,1
серый,ADJF,облизать,VERB,1
взмахнуть,INFN,.,.,1
и,CONJ,торчать,VERB,1
и,CONJ,воблин,NOUN,1
держать,VERB,пистолет,NOUN,1
под,PREP,.,.,1
два,NUMR,.,.,1
в,PREP,сидеть,VERB,3
глаз,NOUN,ухо,NOUN,1
волос,NOUN,побежалый,ADJS,1
вилять,GRND,к,PREP,1
ходить,VERB,как,CONJ,1
а,CONJ,собачий,ADJF,1
на,PREP,огромный,ADJF,1
длинный,ADJF,сидеть,VERB,1
она,NPRO,поджать,VERB,1
за,PREP,свой,ADJF,1
за,PREP,из,PREP,1
увидеть,GRND,возле,ADVB,5
длинный,ADJF,.,.,1
за,PREP,и,CONJ,1
зелёный,ADJF,готовый,ADJS,9
себя,NPRO,.,.,6
за,PREP,у,PREP,3
в,PREP,у,PREP,3
они,NPRO,и,CONJ,1
под,PREP,.,.,1
за,PREP,конь,NOUN,1
с,PREP,гремучий,ADJF,1
львиный,ADJF,и,CONJ,1
что,CONJ,её,ADJF,9
собака,NOUN,между,PREP,1
собачий,ADJF,.,.,1
заячий,ADJF,трястись,VERB,1
длинный,ADJF,бурый,ADJF,7
с,PREP,муха,NOUN,1
лира,NOUN,.,.,1
помахивать,GRND,.,.,1
вилять,VERB,но,CONJ,1
до,PREP,рыба,NOUN,1
автомашина,NOUN,достигать,GRND,3
завернуть,GRND,.,.,1
в,PREP,товарный,ADJF,4
за,PREP,и,CONJ,1
по,PREP,.,.,1
красный,ADJF,.,.,1
поджать,GRND,и,CONJ,1
завилять,VERB,.,.,1
и,CONJ,.,.,1
рыбий,ADJF,за,PREP,1
на,PREP,наступить,VERB,5
бублик,NOUN,.,.,1
высматривание,NOUN,и,CONJ,5
вилять,GRND,они,NPRO,1
рыжеватый,ADJF,маленький,ADJF,8
ответ,NOUN,закивать,VERB,1
длина,NOUN,комета,NOUN,2
за,PREP,.,.,1
щучий,ADJF,шевелиться,VERB,1
даже,PRCL,от,PREP,1
помахивать,GRND,присоединяться,VERB,1
в,PREP,самолёт,NOUN,4
в,PREP,очередь,NOUN,3
в,PREP,самолёт,NOUN,4
в,PREP,за,PREP,3
на,PREP,автомобиль,NOUN,5
дельфин,NOUN,оглушать,VERB,1
иметь,PRTF,или,CONJ,6
в,PREP,таблица,NOUN,3
в,PREP,с,PREP,3
в,PREP,лидерский,ADJF,3
и,CONJ,очередь,NOUN,3
некоторый,ADJF,остаться,VERB,6
человек,NOUN,.,.,3
в,PREP,очередь,NOUN,3
в,PREP,задача,NOUN,3
в,PREP,субмарина,NOUN,4
очередь,NOUN,который,ADJF,3
латексный,ADJF,биться,VERB,8
беличий,ADJF,класть,VERB,1
на,PREP,насыпать,INFN,1
я,NPRO,войти,VERB,5
сдать,INFN,и,CONJ,6
ходить,VERB,неотрывно,ADVB,5
буквально,ADVB,ходить,VERB,5
пристроиться,VERB,из,PREP,3
за,PREP,до,PREP,1
на,PREP,вести,INFN,1
он,NPRO,учуять,VERB,5
в,PREP,состав,NOUN,4
рыбий,ADJF,это,PRCL,1
уже,ADVB,тянуться,VERB,5
видный,ADJS,идти,PRTF,3
в,PREP,поезд,NOUN,4
она,NPRO,и,CONJ,3
подчищать,VERB,остаться,PRTF,6
в,PREP,и,CONJ,4
в,PREP,.,.,3
есть,INTJ,.,.,5
на,PREP,то,CONJ,5
сторона,NOUN,поезд,NOUN,4
в,PREP,пристроиться,VERB,3
столько,ADVB,что,CONJ,6
в,PREP,поезд,NOUN,4
в,PREP,не,PRCL,6
кометный,ADJF,и,CONJ,2
глупый,ADJF,и,CONJ,8
затылок,NOUN,не,PRCL,8
торчать,VERB,ночной,ADJF,10
в,PREP,бомбардировщик,NOUN,3
другой,ADJF,селёдка,NOUN,1
в,PREP,колонна,NOUN,3
она,NPRO,или,CONJ,5
на,PREP,угнать,PRTF,5
в,PREP,кортеж,NOUN,3
в,PREP,шахта,NOUN,3
больно,ADVB,вилять,VERB,1
в,PREP,комета,NOUN,2
вилять,VERB,направо,ADVB,1
распускать,VERB,комета,NOUN,2
за,PREP,большой,ADJF,1
длинный,ADJF,оперение,NOUN,1
и,CONJ,не,PRCL,1
в,PREP,дирижабль,NOUN,4
в,PREP,это,NPRO,3
вилять,VERB,при,PREP,1
в,PREP,таблица,NOUN,3
она,NPRO,.,.,2
опалить,VERB,лошадь,NOUN,1
лошадиный,ADJF,там,ADVB,1
как,CONJ,вымокнуть,PRTF,1
четвероногий,ADJF,змея,NOUN,1
свой,ADJF,за,PREP,1
количество,NOUN,разный,ADJF,6
вода,NOUN,и,CONJ,1
плетевидный,ADJF,скат,NOUN,1
ныряльщик,NOUN,на,PREP,1
