1	Его хвостовое оперение было так велико, что группе юношей, в которой был и он, гимназист Сухой, с большим трудом удалось определить, где нос, а где хвост самолета.	4
2	А после антракта выступали львы, и мне не понравилось, что укротитель всё время таскал их за хвосты, как будто это были не львы, а дохлые кошки.	1
3	― Здравствуй, Медвежонок! ― прохрипел Волк, подстилая под себя хвост и усаживаясь на пороге медвежачьего домика.	1
4	Всё-таки у котов хвост, а у яблок ― хвостик.	1
5	― Тебе, сухарю, воробья за хвост не удержать, а туда же…	1
6	А из кармана его пиджака торчал нередко хвост копчёного леща.	1
7	Обалдевшая от выстрела крякуха снова заорала-запричитала, а в бочаге, у шалаша, снова бухнула хвостом щука…	1
8	Распустив пыльный хвост, мешок отлетел в кусты.	7
9	Перечеркнув небо, он перелетел с ёлки на ёлку, зацепив месяц краешком хвоста.	1
10	И Найда обычно лежит на крыльце, приветливо постукивая хвостом каждому прохожему.	1
11	― Хвать за брюхо, хвост закрутят ― и несут!	1
12	Заяц плыл, перебирая лапами, подгребая ушами и хвостом.	1
13	Где крылья и перья? Где, наконец, хвост?! - Пожалуй, я не птица, ― согласился Эле-Фантик.	1
14	Кругла, а не месяц, желта, а не масло, с хвостом, а не мышка.	1
15	Из школы придут и носятся по двору ― собакам хвосты крутят.	1
16	Сперматозоид состоит из головки, шейки, тела и хвоста, общая длина ― около 50-60 мкм.	1
17	хвосты лошадей колышутся в такт легчайшим движениям сапог их наездников.	1
18	Я могу надеть какие попало джинсы, кое-как собрать волосы в хвост, но бельё и духи всё равно выбираю полчаса как минимум.	8
19	Я, между прочим, хорошо помню историю о том, как я в первый раз в жизни сделала себе хвост.	8
20	Если оставшийся верёвочный хвост резать жалко, а наматывать больше некуда, натяните его, заведите в салон и прихлопните дверью.	9
21	Поезд уходил вечером, а с утра мне надо было пересдать «хвост» (несданный экзамен), который висел на мне с весенней сессии.	6
22	А на хвосте у каждой кошки ещё по одной кошке.	1
23	Традиционный метод ― укрепление соединений на гладкую фугу вставками в форме шипа "ласточкин хвост" (рис. 9, д).	1
24	Передняя часть головы ― ярко-красного цвета, темя и затылок ― чёрные, щёки ― белые, крылья ― желтоватые, с чёрными и белыми крапинками по заднему краю, клюв― красновато-беловатого цвета, с чёрным концом, у основания которого, по обеим сторонам, чёрные усики; хвост― чёрный, с белыми пятнами на конце	1
25	Вид у него такой, будто его мял в руках какой-нибудь раздражённый зоолог: голова пригнута к животу, хвост закручен спиралью.	1
26	Ты радуешься, что за тобою, как за сучкою, бегают кобели, подняв хвост трубочкой и понюхивая тебе задницу; есть чему радоваться!	1
27	«Это правильный подход, когда один производитель делает кабину самолёта, другой занимается хвостом, а третий разрабатывает крылья, ― говорит Филипп Камю.	4
28	Змее обварили хвост, обезьяны выяснили отношения, два часа швы накладывали.	1
29	[Колючий друг, nick] вот мы и поджимали время… сели себе на хвост ) да. что же скажет Ру?	5
30	[IvanVS, nick] «Любой болван бы на моем месте почувствовал хвост».	5
31	Да какой я кошковед… пришей кобыле хвост.; -)	1
32	То уходит в мрачную бездну, лишь на мгновение показав свои выпученные глаза, зубатый зев, колючий, раздвоённый хвост.	1
33	За ней всегда целый хвост, где бы Берил ни была.	5
34	Это всё равно что рубить собаке хвост по кускам.	1
35	Минувшие десять лет "совершенствования" налогового законодательства ― картинка того, как "хвост вертит собакой".	1
36	Она искрится чернотой, бьёт хвостом, а от неё веет бесовской силой и радостью одинокой души живой душе.	1
37	Упёршись лапами, собака дергала остервенело, вздрагивал ботинок, вздрагивал её по-волчьи поджатый хвост.	1
38	Огромная птица с многоцветным, как у павлина, хвостом села на краешек скалы и, склонив голову, рассматривала нас круглым глазом.	1
39	В руку сыну совали не бутылку молока с соской, но, о шокинг, ― хвост селёдки.	1
40	Я тебе что, на хвост нечаянно наступил?	1
41	― Егор бросил бельё на лавку. ― Осталось только хвостом повилять. Что я тебе, дорогу перешёл, что ты мне руку не соизволил подать?	1
42	Говорят, в капиталистических странах ослу кисть к хвосту привязывают, он и рисует, а потом эти картины продают за большие деньги…	1
43	Потом мне: "Ты врач, а не понимаешь, что собаке надо рубить хвост в один приём, а не в несколько".	1
44	Торчащие, волчьи уши, колечком загнутый хвост, преданность во всей осанке…	1
45	Придёшь со службы, а он, сукин сын, лает от радости, прыгает вокруг тебя и колотит об пол толстым хвостом.	1
46	Когда подходил троллейбус, одни стояли в хвосте, другие проталкивались локтями.	3
47	Из рыбки мелкой попадались всё больше кости, мясо с костей сварилось, развалилось, только на голове и на хвосте держалось.	1
48	Ты выдираешь отовсюду по цветному перу и всё вплетаешь в свой хвост.	1
49	Но, глядя на её бессильно откинутый тёмный хвост, на её тело, даже после смерти не потерявшее своей таинственной сиамской красоты	8
50	Вторая крутила хвостом; из пасти у неё свисало что-то синевато-красное и длинное.	1
51	Тогда Валька, ни минуты не медля, подошла к нему в образе чёрта: т. е. рога, хвост, рыло, плащ и беретка с пером.	1
52	с любознательностью сельского пацанёнка расспрашивал больничную обслугу, и как подпасок по вилянию коровьих хвостов узнаёт, будет ли скотина разбегаться	1
53	Потом период политического небытия вдруг кончался, Маруся начинала курировать науку, братья с поджатыми хвостами возвращались к Андрею, неся в зубах набежавшие проценты…)	1
54	Крытые брезентом грузовики вытянулись в колонну и в сопровождении двух бэтээров (в голове и в хвосте) с рёвом, набирая всё больше скорости, двинулись в часть.	3
55	Один бегает, виляет хвостом, кусок тяпнет, какой с неба упал, ― и рад, а когда его час приходит, валяется на земле.	1
56	Дурной ветер тяжело кружил, ворочал, взметывал эти казённые бумаги, и они веющими хвостами втягивались в подворотни или вдруг бешено кружили в Пляске Смерти.	7
57	Великий курфюрст въехал в покорённый замок на белом битюге, до хвоста покрытом белым, с золотым шитьём покрывалом.	1
58	Чуть в стороне, возле кустов паслась привязанная на верёвке лошадь; то и дело помахивая хвостом, она отгоняла мошкару.	1
59	коровы забредали по пузо в воду и вырывали водоросли, сонно жевали их, выдуваяноздрями пузыри, обхлестывая себя грязными хвостами.	1
60	и через мгновение он уже валялся на дне лодки, бунтарски бья хвостом, взбрызгивая воду, гремя банкой и стучась об вёсла и кривую удочку	1
61	А той тоже будто шлея под хвост: "Мама, хочу за него замуж".	1
62	все отношения со старыми друзьями давным-давно псу под хвост плюс привычка ненавидеть родню	1
63	Как будто змею за хвост потянула.	1
64	Только собака, исступленно виляя обрубком серого хвоста, облизала его лицо.	1
65	Карп вздрагивал, собираясь взмахнуть хвостом.	1
66	Ноги его и хвост торчали из сумки, затем он перевернулся, высунул свою мордаху.	1
67	Суп варили такой из голов и хвостов воблиных.	1
68	― Не трусь, детка! Держи хвост пистолетом! Галя отпрянула.	1
69	Усатый взял мой стакан и вылил из него коньяк на пол, рубль сорок коту под хвост.	1
70	не совсем такие, как у нас в России, ― бумажные змеи с двумя хвостами	1
71	Идёшь на задание и знаешь ― в хвосте сидит такой друг, в котором уверен, ― сказал Ваня Скотной.	3
72	ему казалось естественным, взглянув на кошку, увидеть её глаза, хвост, уши, когти	1
73	Виляя тяжёлым, полным шёлкового волоса хвостом, побежала лисица	1
74	Но волк лёг на брюхо и подполз, виляя хвостом, к людям.	1
75	Вот ходит она, ходит, хвост как у павлина, хвастается: «Вот что у нас есть!	1
76	Ну тот, старый, ещё так… ещё человек, а вот этот, молодой да ранний… лезет в волки, а хвост собачий.	1
77	Вдруг как что-то зашипит около меня: чуть на хвост огромной змеи не наступил.	1
78	Сердитый синий попугай с длинным хвостом сидел на жёрдочке и что-то злобно выкрикивал, хватаясь клювом на решётку	1
79	― Смерти боишься ты, товарищ Мирошников, вот в чём всё дело. Перед ней хвост поджал. Боишься ведь?	1
80	Но референт уже крепко держал в руках за хвост свою жар-птицу и не собирался её упускать.	1
81	Так, кажется, сказал попугай, когда кошка тащила его за хвост из клетки.	1
82	Увидев хвост возле кассы, он прищурился, что предвещало готовность к действиям чрезвычайным.	5
83	Это была небольшая лошадь рыжей масти с длинным телом и длинным хвостом.	1
84	Мальчик подхватил ласкиря за хвост и передал его тому рыбаку, у которого брал наживку.	1
85	Теперь две стройно стянутые вязанки ореховых прутьев с длинными зелёными хвостами готовы.	9
86	И вот Глебов-то наделал себе хвостов.	6
87	Эти предприятия культурно-бытового обслуживания, грубо говоря, тащатся за хвостом у государства.	3
88	Не занимайте очередь в хвосте у времени…	3
89	Солдаты Кромвеля ради забавы ловили кошек, связывали их хвостами и заставляли драться до смерти.	1
90	Оно, однако, повергло его прямо-таки в транс: это сколько времени будет выброшено козе под хвост?!	1
91	На сей раз авария произошла по вине собачонки, уцепившейся за хвост коня.	1
92	В руке жезл с хвостами гремучих змей.	1
93	Каифы совсем съежилась у львиного хвоста, и сказал тихо и равнодушно:	1
94	Маргарита наклонила щётку щетиной вперёд, так что хвост её поднялся кверху, и, очень замедлив ход, пошла к самой земле.	9
95	Собака хвост между ног зажала, смотрит на Христо: куда?	1
96	Он как очумелый станет и ежели ещё руками машет, так силы в них, как в собачьем хвосте.	1
97	Я в составе других подскочил к барину, сердце у меня, как заячий хвост, трясётся	1
98	Небольшой пароход крейсировал вдоль берега, расстилая по волнам длинный хвост бурого дыма.	7
99	У свиней как бывает с хвостами муха сядет, и то она сейчас же хвостик спрячет между окороками.	1
100	И особенно красив стал его радужный, раскинутый лирой хвост.	1
101	Тогда они садились у дверей и терпеливо ждали, помахивая хвостами.	1
102	Жучке очень хотелось подойти; она виляла хвостом, но не решалась.	1
103	На рыбе сидит большущий краб, раскинув свои длинные ноги с клешнями от головы до хвоста рыбы.	1
104	На дороге к полустанку стояла длинная шеренга автомашин, хвостом достигая леса, из которого в этот ранний час выползли разведчики.	3
105	Рыба была слишком велика для лоханки и лежала на дне, завернув хвост.	1
106	Эта-то минута и храпела в хвосте товарного, нагибаясь под низким навесом, близилась и скользила.	4
107	Схватил он лисёнка за хвост и вытащил из сапога, встряхнул сапог— и другой выскочил.	1
108	Надо было рубить с голов, а мы били по хвостам.	1
109	В прекрасной золотой клетке сидел большой серый попугай с красным хвостом.	1
110	Иван Иваныч и Буркин остановились в раздумье; собаки, уже мокрые, стояли, поджав хвосты, и смотрели на них с умилением.	1
111	Он осторожно подошёл, обнюхал мои охотничьи сапоги и только после этой церемонии виновато завилял хвостом.	1
112	Тогда коварное чудовище, чтоб показать свои признаки жизни, слегка пошевелило лапами и хвостом	1
113	«Хозяйка избила мальчика рыбьим хвостом за то, что он очистил не его, а голову».	1
114	Вот как только мы этим подонкам на хвост наступим, тогда они зашевелятся.	5
115	Увидев меня, мопс пришел в бурный восторг и принялся прыгать, повизгивая и виляя скрученным в бублик хвостом.	1
116	Гуров часто и сам ловил себя за высматриванием «хвоста» и с грустной улыбкой качал головой.	5
117	У ворот, виляя хвостом, их встретила лохматая собака.	1
118	Два цветастых узких куска ткани ― купальник. Волосы ― в рыжеватый хвост. Маленькое колечко блестит на мизинце.	8
119	И Лайка им в ответ хвостом закивала, говорит:	1
120	А вот длина хвоста кометы ― 1 миллион километров.	2
121	Ночью во сне она явилась ему в виде огненной змеи, ухватившей себя за хвост.	1
122	Щучий хвост шевелится не так, как водоросли.	1
123	— Голодные кошки даже хвост от селедки есть будут, — сказала продавщица и повернулась к другому покупателю.	1
124	Коровы медленно и важно, помахивая хвостами, присоединялись к проходившему по улице стаду.	1
125	Когда грузчик бухнул свою первую железку где-то в хвосте самолета, летчик оглянулся и сказал:	4
126	Но быстро спохватился и встал с ней в хвост очереди.	3
127	В хвосте самолета летела большая и шумная компания грузин.	4
128	Они пристроились в хвосте, за каким-то стариком.	3
129	Запоминать номера и приметы автомобилей в случае их длительного следования «на хвосте» автомобиля фирмы.	5
130	А на мелкоте один дельфин хвостом оглушает рыбину, следующий ее подхватывает.	1
131	Т.е. безусловно не принимается школьник, имеющий «хвосты» или отчисленный за дисциплинарные поступки.	6
132	Как и Джордан, он практически сразу после своего прихода в НБА стал безоговорочным лидером команды и поднял ее, дотоле обретавшуюся в хвосте таблицы, ввысь.	3
133	Знаете, ситуация, когда с чемпионатов мира и Олимпиад все возвращаются героями и только мы плетемся в хвосте с хмурыми лицами	3
134	К сожалению, к этому времени из российских лыжников в хвосте лидерской группы остался только Владимир Вилисов	3
135	И хвост очереди от клуба до самого метро ― это не реклама, это правда жизни.	3
136	На следующий день ММВБ перевела все расчеты в Chase Manhattan Bank, однако некоторые «хвосты» остались.	6
137	― Шел оператор и за ним 6-7 человек хвоста.	3
138	Мы пристроились в хвост очереди, которая двигалась крайне медленно.	3
139	Сегодня благая цель восстановления оказалась в «хвосте», задача инвестора ― приобретение земли.	3
140	Но моряки, оказавшиеся в хвосте субмарины погибли,	4
141	Они образовали очередь, хвост которой терялся где-то на улице.	3
142	Девчонка в синем светящемся парике и с латексным хвостом билась в истерике, но бесполезно.	8
143	Мастерицы цепляют золото кисточками из беличьих хвостов, кладут на кожаную подушечку	1
144	Если зайцу на хвост насыпать соли, тогда его можно легко поймать…	1
145	Не доходя до места, я решил проверить, не тащится ли за мной «хвост», вошел в магазин, пробыл в нем минуты две-три, потом вышел на улицу.	5
146	всего-то два раза в год, за несколько недель перед сессиями наверстать упущенное, сдать хвосты и успешно продолжать движение вперед.	6
147	За директором мясокомбината она ходила хвостом неотрывно, сладко улыбалась, не переставая что-то говорила, рассыпалась мелким бесом.	5
148	За ним буквально хвостом ходили самые красивые женщины, до которых Ежов был большой охотник.	5
149	За охраняемой колонной быстро пристроился хвост из местных и проезжих халявщиков.	3
150	― Ладно, девочки, не тяните кота за хвост, до дна!	1
151	ждут, когда верные птички-осведомители принесут на хвосте вести о первых итогах.	1
152	А следить за ним бессмысленно, он «хвост» учует мгновенно.	5
153	Вагон катился, вихляясь, в хвосте состава, и надежда оставила меня окончательно.	4
154	Вместо ног широкий рыбий хвост ― это мужчина-русалка.	1
155	За ним уже хвостом тянулись ребятишки, а он ходил из избы в избу	5
156	Впереди стал виден хвост идущей к центру города колонны, и Валерка с Иваном прибавили шагу, чтобы пристроиться.	3
157	Выйдя из штабного вагона, мы пошли в хвост поезда.	4
158	Любочка встала в ее хвост и приготовилась ждать.	3
159	Там он подчищал хвосты оставшихся за ним других дел и беседовал с начальством	6
160	― Садитесь только подальше от кабины ― в хвост ― и летите.	4
161	Дело доходит до того, что я ощущаю свою неспособность и боюсь тянуться в хвосте.	3
162	«Как вы думаете, за вами есть «хвост»?»	5
163	Так с генералом на хвосте, то подпрыгивая на несколько метров, то плюхаясь обратно на землю, самолет проскочил линию фронта.	5
164	Вагон раскачивало из стороны в сторону ― все-таки хвост поезда.	4
165	Я моментально в хвост пристроился, спрашиваю у крайней женщины:	3
166	У меня было уже столько «хвостов «, что провал хотя бы еще одного экзамена влек за собой автоматическое отчисление из института.	6
167	И вскоре в хвосте поезда лязгнуло, вздохнуло ―	4
168	К весне он окончательно погряз в «хвостах», не сдал зачеты, и к сессии его не допустили (334).	6
169	Ракета проплыла над нами медленно, чуть виляя роскошным зеленым кометным хвостом, и вспыхнула яркой четырехлучевой звездой.	2
170	Лиля подняла упавшую шерстяную шапочку с двумя глупыми хвостами и, не оглядываясь, все силы собрав на то, чтобы не бежать, пошла к дому.	8
171	Тоня поспешно стянула на затылке хвост, не подглядывая в зеркало,	8
172	из-под которого на полметра торчит хвост ночной рубашки.	10
173	Один из них пристроился в хвост бомбардировщику и дал очередь.	3
174	Одной рукой сжимала черную горбушку, другой ― хвост селедки, и все было замечательно.	1
175	В хвосте колонны ковыляют три воина в шлепанцах на босу ногу.	3
176	Я хожу за ней хвостом или тихо сижу в углу и с интересом наблюдаю	5
177	Уже через полчаса на хвост угнанному джипу сели две милицейские «шестерки»	5
178	В хвосте кортежа ― опять же машина ГИБДД.	3
179	Принимается решение ― через люк в хвосте шахты пробраться с прибором к межбаковому отсеку ракеты.	3
180	Был верный пес Алексей Андреевич Аракчеев, но уж больно хвостом вилял и стал раздражать Павла.	1
181	И в 1910 году обнаружение этих молекул в хвосте кометы Галлея стало даже причиной большой паники.	2
182	Можно узнать, например, что довольная собака виляет хвостом направо, а недовольная налево.	1
183	По некоторым предположениям, солнечный ветер отгоняет газообразную оболочку Плутона подобно тому, как распускают хвост кометы.	2
184	А в конце лета возле входа в сарай сын поймал за хвост большую черную гадюку.	1
185	Вероятно, из-за очень длинного хвоста оперение урагусов во время полёта издаёт характерный звук	1
186	Их шелковистая короткая шерсть с бахромой на ушах, лапах и хвосте не требует большого ухода.	1
187	Двигатели с винтами расположены в хвосте дирижабля.	4
188	В хвосте этого стремительного конференц-зала буфет с двумя холодильниками, гардероб, туалет.	3
189	Они виляют хвостами при виде человека, спокойно ходят на поводке, бегут за ним, как собачки.	1
190	Тут вы плететесь где-то в хвосте таблицы, и вас никто не знает.	3
191	газы образуют непрерывно рассеивающуюся атмосферу ― «голову» кометы и ее «хвост».	2
192	Там он опалил хвост лошади и ушел под стог сена, который тут же вспыхнул.	1
193	Где лошадиный хвост, ― там перед, а где сидит ваша милость, ― там зад…»	1
194	Нашел лезвие и помазок, тощий, как хвост вымокшего котенка.	1
195	Здесь, глядишь, у четвероногого хвост змеи, там у рыбы ― голова четвероногого.	1
196	Например, ящерица, отбрасывающая свой хвост, за который ухватился хищник,	1
197	Держит в голове огромное количество хвостов разных дел, никогда не забывая добить их.	6
198	Рыба отталкивается от воды хвостом и плавниками, собака и лошадь ― ногами.	1
199	Все немного нервничают, опасаясь плетевидного хвоста ската.	1
200	Тогда морская лисица поражает ныряльщика хвостом, на котором имеются загнутые, как крючки, шипы.	1